<?xml version='1.0' encoding='UTF-8'?>
<bounding-boxes font-family="Golden Age" units-per-em="1000">
  <g c="0020" x="0.0" y="0.0" w="0.0" h="0.0" h-a-x="250" n="space" />
  <g c="266D" x="5.0" y="19.0" w="305.4" h="738.0" h-a-x="296" n="musicFlatSign" />
  <g c="266E" x="9.0" y="-8.0" w="293.0" h="834.0" h-a-x="282" n="musicNaturalSign" />
  <g c="266F" x="0.0" y="-6.0" w="432.0" h="779.0" h-a-x="375" n="musicSharpSign" />
  <g c="E000" x="4.0" y="0.0" w="85.0" h="998.93" h-a-x="86" n="brace" />
  <g c="E003" x="1.0" y="-1.0" w="363.0" h="375.0" h-a-x="365" n="bracketTop" />
  <g c="E004" x="1.0" y="-373.0" w="363.0" h="375.0" h-a-x="365" n="bracketBottom" />
  <g c="E043" x="-0.11" y="324.05" w="142.89" h="352.28" h-a-x="145" n="repeatDots" />
  <g c="E044" x="-0.11" y="-55.95" w="142.89" h="112.28" h-a-x="143" n="repeatDot" />
  <g c="E047" x="3.1" y="-3.0" w="533.14" h="629.0" h-a-x="538" n="segno" />
  <g c="E048" x="2.0" y="-154.0" w="708.0" h="844.0" h-a-x="713" n="coda" />
  <g c="E050" x="2.0" y="-686.0" w="616.05" h="1851.0" h-a-x="621" n="gClef" />
  <g c="E052" x="2.0" y="-928.75" w="616.05" h="2093.75" h-a-x="619" n="gClef8vb" />
  <g c="E053" x="3.0" y="-686.0" w="616.05" h="2056.0" h-a-x="621" n="gClef8va" />
  <g c="E054" x="2.0" y="-686.0" w="616.05" h="2088.22" h-a-x="621" n="gClef15ma" />
  <g c="E05C" x="7.0" y="-495.0" w="477.62" h="958.8" h-a-x="501" n="cClef" />
  <g c="E062" x="0.0" y="-723.0" w="692.07" h="985.4" h-a-x="699" n="fClef" />
  <g c="E063" x="0.0" y="-990.45" w="692.07" h="1252.85" h-a-x="333" n="fClef15mb" />
  <g c="E064" x="0.0" y="-981.06" w="692.07" h="1243.46" h-a-x="696" n="fClef8vb" />
  <g c="E069" x="2.0" y="-304.0" w="239.0" h="603.0" h-a-x="241" n="unpitchedPercussionClef1" />
  <g c="E06A" x="0.46" y="-403.25" w="189.56" h="815.49" h-a-x="211" n="unpitchedPercussionClef2" />
  <g c="E06E" x="-5.0" y="-806.0" w="398.0" h="1588.41" h-a-x="395" n="4stringTabClef" />
  <g c="E06E" x="-5.0" y="-806.0" w="398.0" h="1588.41" h-a-x="395" n="4stringTabClef" />
  <g c="E080" x="1.39" y="-246.09" w="368.34" h="539.99" h-a-x="376" n="timeSig0" />
  <g c="E081" x="8.14" y="-247.04" w="193.67" h="550.68" h-a-x="226" n="timeSig1" />
  <g c="E082" x="4.0" y="-250.05" w="300.62" h="547.51" h-a-x="324" n="timeSig2" />
  <g c="E083" x="-2.36" y="-247.85" w="342.7" h="539.03" h-a-x="345" n="timeSig3" />
  <g c="E084" x="-5.93" y="-251.09" w="421.93" h="551.59" h-a-x="424" n="timeSig4" />
  <g c="E085" x="1.96" y="-255.77" w="349.53" h="563.65" h-a-x="359" n="timeSig5" />
  <g c="E086" x="6.81" y="-245.62" w="314.55" h="536.64" h-a-x="327" n="timeSig6" />
  <g c="E087" x="3.16" y="-244.0" w="363.02" h="530.0" h-a-x="373" n="timeSig7" />
  <g c="E088" x="7.63" y="-253.3" w="357.85" h="551.11" h-a-x="380" n="timeSig8" />
  <g c="E089" x="2.5" y="-240.82" w="315.84" h="535.65" h-a-x="328" n="timeSig9" />
  <g c="E08A" x="-5.72" y="-309.0" w="594.4" h="616.04" h-a-x="587" n="timeSigCommon" />
  <g c="E08B" x="-4.12" y="-435.0" w="585.38" h="870.0" h-a-x="581" n="timeSigCutCommon" />
  <g c="E08C" x="6.0" y="-149.0" w="285.0" h="296.0" h-a-x="302" n="timeSigPlus" />
  <g c="E08F" x="66.0" y="-74.31" w="223.19" h="160.81" h-a-x="364" n="timeSigEquals" />
  <g c="E094" x="-1.84" y="-116.0" w="175.84" h="698.0" h-a-x="158" n="timeSigParensLeft" />
  <g c="E095" x="-13.0" y="-113.0" w="158.0" h="708.0" h-a-x="158" n="timeSigParensRight" />
  <g c="E0A0" x="-11.0" y="-178.0" w="622.0" h="331.0" h-a-x="613" n="noteheadDoubleWhole" />
  <g c="E0A1" x="0.0" y="-209.39" w="474.0" h="420.39" h-a-x="474" n="noteheadDoubleWholeSquare" />
  <g c="E0A2" x="-1.34" y="-136.26" w="470.83" h="277.49" h-a-x="473" n="noteheadWhole" />
  <g c="E0A3" x="-0.83" y="-150.0" w="335.0" h="280.84" h-a-x="334" n="noteheadHalf">
    <a n="stemDownNW" x="0.0" y="-0.21" />
    <a n="stemUpSE" x="1.33" y="0.21" />
  </g>
  <g c="E0A4" x="-3.13" y="-137.0" w="339.68" h="272.96" h-a-x="338" n="noteheadBlack">
    <a n="stemDownNW" x="-0.02" y="-0.22" />
    <a n="stemUpSE" x="1.34" y="0.21" />
  </g>
  <g c="E0A9" x="0.0" y="-152.0" w="278.0" h="299.0" h-a-x="278" n="noteheadXBlack" />
  <g c="E0B6" x="0.0" y="-215.0" w="414.0" h="420.0" h-a-x="414" n="noteheadHalfWithX" />
  <g c="E0B7" x="0.0" y="-216.0" w="414.0" h="420.0" h-a-x="414" n="noteheadVoidWithX" />
  <g c="E0D9" x="0.0" y="-153.0" w="303.0" h="304.0" h-a-x="303" n="noteheadDiamondHalf">
    <a n="stemDownNW" x="0.04" y="0.03" />
    <a n="stemUpSE" x="1.18" y="0.0" />
  </g>
  <g c="E0DA" x="0.0" y="-122.0" w="282.0" h="248.0" h-a-x="283" n="noteheadDiamondHalfWide">
    <a n="stemDownNW" x="0.03" y="0.07" />
    <a n="stemUpSE" x="1.09" y="-0.08" />
  </g>
  <g c="E0DB" x="-4.0" y="-169.0" w="354.0" h="332.0" h-a-x="346" n="noteheadDiamondBlack">
    <a n="stemDownNW" x="0.02" y="-0.02" />
    <a n="stemUpSE" x="1.36" y="0.0" />
  </g>
  <g c="E0DD" x="0.0" y="-153.0" w="303.0" h="304.0" h-a-x="303" n="noteheadDiamondWhite">
    <a n="stemDownNW" x="0.04" y="0.02" />
    <a n="stemUpSE" x="1.17" y="0.0" />
  </g>
  <g c="E0F5" x="0.0" y="-289.0" w="124.0" h="614.0" h-a-x="73" n="noteheadParenthesisLeft" />
  <g c="E0F6" x="-17.0" y="-294.0" w="109.0" h="599.0" h-a-x="92" n="noteheadParenthesisRight" />
  <g c="E101" x="0.0" y="-242.0" w="350.0" h="482.0" h-a-x="351" n="noteheadSlashHorizontalEnds" />
  <g c="E102" x="0.0" y="-254.54" w="954.51" h="510.54" h-a-x="955" n="noteheadSlashWhiteWhole" />
  <g c="E103" x="0.0" y="-243.0" w="730.0" h="486.0" h-a-x="730" n="noteheadSlashWhiteHalf" />
  <g c="E1D0" x="-11.0" y="-178.0" w="622.0" h="331.0" h-a-x="613" n="noteDoubleWhole" />
  <g c="E1D1" x="0.0" y="-209.39" w="474.0" h="420.39" h-a-x="474" n="noteDoubleWholeSquare" />
  <g c="E1D2" x="-1.34" y="-136.26" w="470.83" h="277.49" h-a-x="473" n="noteWhole" />
  <g c="E1D3" x="-1.39" y="-138.09" w="373.39" h="1029.09" h-a-x="399" n="noteHalfUp" />
  <g c="E1D5" x="-1.45" y="-128.09" w="377.45" h="1029.09" h-a-x="399" n="noteQuarterUp" />
  <g c="E1D7" x="-0.79" y="-138.93" w="645.87" h="1109.93" h-a-x="673" n="note8thUp" />
  <g c="E1D9" x="0.88" y="-124.75" w="599.25" h="1066.75" h-a-x="601" n="note16thUp" />
  <g c="E1E7" x="19.1" y="-18.92" w="91.55" h="75.87" h-a-x="125" n="augmentationDot" />
  <g c="E220" x="0.0" y="-8.0" w="405.0" h="240.0" h-a-x="415" n="tremolo1" />
  <g c="E221" x="0.0" y="-8.0" w="405.0" h="370.0" h-a-x="408" n="tremolo2" />
  <g c="E222" x="-1.0" y="-8.0" w="405.0" h="520.0" h-a-x="409" n="tremolo3" />
  <g c="E223" x="0.0" y="0.0" w="408.0" h="662.0" h-a-x="407" n="tremolo4" />
  <g c="E22A" x="-175.0" y="-123.0" w="352.0" h="244.24" h-a-x="177" n="buzzRoll" />
  <g c="E240" x="0.0" y="-766.0" w="297.41" h="766.0" h-a-x="322" n="flag8thUp" />
  <g c="E241" x="0.0" y="0.0" w="330.07" h="686.0" h-a-x="337" n="flag8thDown" />
  <g c="E242" x="0.0" y="-817.0" w="315.0" h="817.0" h-a-x="320" n="flag16thUp" />
  <g c="E243" x="0.0" y="-1.33" w="313.89" h="813.33" h-a-x="330" n="flag16thDown" />
  <g c="E244" x="0.0" y="-817.0" w="310.0" h="1057.0" h-a-x="295" n="flag32ndUp" />
  <g c="E245" x="0.0" y="-251.33" w="307.0" h="1071.33" h-a-x="293" n="flag32ndDown" />
  <g c="E246" x="0.0" y="-817.0" w="310.0" h="1316.0" h-a-x="295" n="flag64thUp" />
  <g c="E247" x="0.0" y="-517.33" w="307.0" h="1329.33" h-a-x="293" n="flag64thDown" />
  <g c="E248" x="0.0" y="-814.0" w="310.0" h="1574.0" h-a-x="295" n="flag128thUp" />
  <g c="E249" x="0.0" y="-775.33" w="307.0" h="1587.33" h-a-x="293" n="flag128thDown" />
  <g c="E24A" x="0.0" y="-815.0" w="315.0" h="1838.0" h-a-x="333" n="flag256thUp" />
  <g c="E24B" x="0.0" y="-1024.0" w="315.0" h="1838.0" h-a-x="333" n="flag256thDown" />
  <g c="E24C" x="0.0" y="-815.0" w="316.0" h="2091.0" h-a-x="333" n="flag512thUp" />
  <g c="E24D" x="0.0" y="-1279.0" w="315.0" h="2091.0" h-a-x="333" n="flag512thDown" />
  <g c="E260" x="0.0" y="-180.0" w="209.1" h="595.0" h-a-x="208" n="accidentalFlat" />
  <g c="E261" x="3.56" y="-326.0" w="165.19" h="643.0" h-a-x="174" n="accidentalNatural" />
  <g c="E262" x="-16.0" y="-337.0" w="276.0" h="662.0" h-a-x="241" n="accidentalSharp" />
  <g c="E263" x="0.0" y="-111.0" w="295.0" h="220.0" h-a-x="292" n="accidentalDoubleSharp" />
  <g c="E264" x="0.0" y="-180.0" w="449.1" h="595.0" h-a-x="445" n="accidentalDoubleFlat" />
  <g c="E26A" x="13.0" y="-268.0" w="122.0" h="490.0" h-a-x="119" n="accidentalParensLeft" />
  <g c="E26B" x="-13.0" y="-253.0" w="123.0" h="490.0" h-a-x="126" n="accidentalParensRight" />
  <g c="E26C" x="1.0" y="-245.0" w="94.0" h="490.0" h-a-x="94" n="accidentalBracketLeft" />
  <g c="E26D" x="-3.0" y="-245.0" w="94.0" h="490.0" h-a-x="80" n="accidentalBracketRight" />
  <g c="E4A0" x="-8.0" y="1.0" w="458.0" h="212.0" h-a-x="452" n="articAccentAbove" />
  <g c="E4A1" x="-8.0" y="-209.0" w="458.0" h="212.0" h-a-x="452" n="articAccentBelow" />
  <g c="E4A2" x="0.1" y="0.08" w="86.55" h="75.87" h-a-x="88" n="articStaccatoAbove" />
  <g c="E4A3" x="1.1" y="-74.92" w="86.55" h="75.87" h-a-x="88" n="articStaccatoBelow" />
  <g c="E4A4" x="3.0" y="0.0" w="344.0" h="39.0" h-a-x="348" n="articTenutoAbove" />
  <g c="E4A5" x="3.0" y="-37.0" w="344.0" h="39.0" h-a-x="348" n="articTenutoBelow" />
  <g c="E4A6" x="0.0" y="0.0" w="100.0" h="249.0" h-a-x="101" n="articStaccatissimoAbove" />
  <g c="E4A7" x="0.0" y="-249.0" w="100.0" h="249.0" h-a-x="100" n="articStaccatissimoBelow" />
  <g c="E4A8" x="0.0" y="0.0" w="159.0" h="277.0" h-a-x="159" n="articStaccatissimoWedgeAbove" />
  <g c="E4A9" x="0.0" y="-277.0" w="159.0" h="277.0" h-a-x="159" n="articStaccatissimoWedgeBelow" />
  <g c="E4AA" x="1.0" y="-3.0" w="52.0" h="262.0" h-a-x="54" n="articStaccatissimoStrokeAbove" />
  <g c="E4AB" x="2.0" y="-264.0" w="53.0" h="262.0" h-a-x="57" n="articStaccatissimoStrokeBelow" />
  <g c="E4AC" x="-3.0" y="-2.0" w="380.0" h="413.0" h-a-x="378" n="articMarcatoAbove" />
  <g c="E4AD" x="-2.0" y="-428.0" w="373.0" h="426.0" h-a-x="373" n="articMarcatoBelow" />
  <g c="E4AE" x="0.0" y="-2.0" w="380.0" h="413.0" h-a-x="384" n="articMarcatoStaccatoAbove" />
  <g c="E4AF" x="-1.0" y="-428.0" w="373.0" h="426.0" h-a-x="374" n="articMarcatoStaccatoBelow" />
  <g c="E4B0" x="-1.0" y="1.25" w="458.0" h="271.75" h-a-x="461" n="articAccentStaccatoAbove" />
  <g c="E4B1" x="-3.0" y="-275.0" w="458.0" h="274.75" h-a-x="456" n="articAccentStaccatoBelow" />
  <g c="E4B2" x="11.0" y="0.08" w="390.0" h="176.92" h-a-x="393" n="articTenutoStaccatoAbove" />
  <g c="E4B3" x="0.0" y="-176.0" w="390.0" h="173.92" h-a-x="413" n="articTenutoStaccatoBelow" />
  <g c="E4B4" x="12.0" y="-1.41" w="458.0" h="276.41" h-a-x="469" n="articTenutoAccentAbove" />
  <g c="E4B5" x="2.0" y="-299.0" w="456.0" h="293.0" h-a-x="469" n="articTenutoAccentBelow" />
  <g c="E4B6" x="0.0" y="0.0" w="305.0" h="319.0" h-a-x="305" n="articStressAbove" />
  <g c="E4B7" x="0.0" y="-319.0" w="305.0" h="319.0" h-a-x="305" n="articStressBelow" />
  <g c="E4B8" x="0.0" y="0.0" w="431.0" h="211.0" h-a-x="431" n="articUnstressAbove" />
  <g c="E4B9" x="0.0" y="-211.0" w="431.0" h="211.0" h-a-x="431" n="articUnstressBelow" />
  <g c="E4BA" x="-0.4" y="0.0" w="412.4" h="181.0" h-a-x="413" n="articLaissezVibrerAbove" />
  <g c="E4BB" x="-0.4" y="-181.0" w="412.4" h="181.0" h-a-x="412" n="articLaissezVibrerBelow" />
  <g c="E4BC" x="-3.0" y="0.0" w="380.0" h="512.0" h-a-x="378" n="articMarcatoTenutoAbove" />
  <g c="E4BD" x="-2.0" y="-528.0" w="373.0" h="527.0" h-a-x="373" n="articMarcatoTenutoBelow" />
  <g c="E4C0" x="29.0" y="5.23" w="694.53" h="433.66" h-a-x="770" n="fermataAbove" />
  <g c="E4C1" x="6.47" y="-440.88" w="694.53" h="433.66" h-a-x="714" n="fermataBelow" />
  <g c="E4CE" x="1.0" y="-5.0" w="242.39" h="316.66" h-a-x="245" n="breathMarkComma" />
  <g c="E4D1" x="-1.0" y="-130.0" w="652.0" h="600.0" h-a-x="652" n="caesura" />
  <g c="E4E0" x="0.0" y="-255.0" w="366.0" h="510.0" h-a-x="366" n="restMaxima" />
  <g c="E4E1" x="0.0" y="-249.24" w="139.06" h="496.83" h-a-x="139" n="restLonga" />
  <g c="E4E2" x="0.0" y="0.0" w="122.0" h="249.0" h-a-x="122" n="restDoubleWhole" />
  <g c="E4E3" x="-22.0" y="-134.0" w="385.0" h="136.0" h-a-x="345" n="restWhole" />
  <g c="E4E4" x="-27.0" y="-14.0" w="397.0" h="132.0" h-a-x="356" n="restHalf" />
  <g c="E4E5" x="-7.7" y="-466.0" w="334.7" h="888.0" h-a-x="307" n="restQuarter" />
  <g c="E4E6" x="-7.26" y="-216.0" w="302.26" h="418.0" h-a-x="296" n="rest8th" />
  <g c="E4E7" x="-18.5" y="-456.0" w="348.58" h="698.0" h-a-x="332" n="rest16th" />
  <g c="E4E8" x="-21.34" y="-473.38" w="406.38" h="952.38" h-a-x="380" n="rest32nd" />
  <g c="E4E9" x="-16.41" y="-723.0" w="435.41" h="1196.0" h-a-x="411" n="rest64th" />
  <g c="E4EA" x="-20.84" y="-753.0" w="495.85" h="1489.0" h-a-x="480" n="rest128th" />
  <g c="E4EB" x="-21.84" y="-1003.0" w="562.84" h="1746.0" h-a-x="469" n="rest256th" />
  <g c="E4EC" x="-56.84" y="-1010.0" w="610.97" h="2044.0" h-a-x="465" n="rest512th" />
  <g c="E500" x="2.0" y="-283.0" w="797.0" h="584.0" h-a-x="798" n="repeat1Bar" />
  <g c="E501" x="-196.0" y="-313.0" w="1077.0" h="705.0" h-a-x="793" n="repeat2Bars" />
  <g c="E503" x="-0.11" y="88.05" w="142.89" h="112.28" h-a-x="143" n="repeatBarUpperDot" />
  <g c="E504" x="2.0" y="-283.0" w="797.0" h="584.0" h-a-x="798" n="repeatBarSlash" />
  <g c="E505" x="0.06" y="-199.11" w="161.15" h="128.6" h-a-x="162" n="repeatBarLowerDot" />
  <g c="E510" x="-1.94" y="2.47" w="293.97" h="449.53" h-a-x="291" n="ottava" />
  <g c="E511" x="-1.94" y="2.47" w="598.94" h="449.53" h-a-x="597" n="ottavaAlta" />
  <g c="E512" x="-1.94" y="1.34" w="598.94" h="450.66" h-a-x="597" n="ottavaBassa" />
  <g c="E513" x="-1.94" y="1.45" w="626.94" h="450.55" h-a-x="627" n="ottavaBassaBa" />
  <g c="E515" x="11.99" y="0.14" w="887.01" h="445.86" h-a-x="908" n="quindicesimaAlta" />
  <g c="E516" x="11.99" y="-4.18" w="866.01" h="447.99" h-a-x="877" n="quindicesimaBassa" />
  <g c="E51A" x="-1.84" y="-116.0" w="175.84" h="698.0" h-a-x="158" n="octaveParensLeft" />
  <g c="E51B" x="-13.0" y="-113.0" w="158.0" h="708.0" h-a-x="158" n="octaveParensRight" />
  <g c="E51C" x="-1.94" y="4.7" w="659.01" h="447.3" h-a-x="674" n="ottavaBassaVb" />
  <g c="E51D" x="11.99" y="0.14" w="900.08" h="443.66" h-a-x="911" n="quindicesimaBassaMb" />
  <g c="E520" x="2.0" y="-220.26" w="414.71" h="519.59" h-a-x="422" n="dynamicPiano" />
  <g c="E521" x="3.99" y="-4.23" w="501.01" h="314.29" h-a-x="500" n="dynamicMezzo" />
  <g c="E522" x="-101.67" y="-203.66" w="596.09" h="615.37" h-a-x="524" n="dynamicForte" />
  <g c="E523" x="-2.0" y="3.0" w="266.0" h="332.0" h-a-x="221" n="dynamicRinforzando" />
  <g c="E524" x="1.94" y="1.98" w="307.38" h="352.41" h-a-x="304" n="dynamicSforzando" />
  <g c="E525" x="8.0" y="-2.0" w="319.0" h="314.71" h-a-x="331" n="dynamicZ" />
  <g c="E526" x="3.99" y="0.0" w="348.01" h="310.0" h-a-x="352" n="dynamicNiente" />
  <g c="E527" x="4.0" y="-211.26" w="2240.75" h="530.56" h-a-x="2245" n="dynamicPPPPPP" />
  <g c="E528" x="4.0" y="-211.26" w="1877.75" h="530.56" h-a-x="1883" n="dynamicPPPPP" />
  <g c="E529" x="4.0" y="-211.26" w="1545.75" h="520.01" h-a-x="1566" n="dynamicPPPP" />
  <g c="E52A" x="4.0" y="-211.26" w="1145.75" h="530.56" h-a-x="1156" n="dynamicPPP" />
  <g c="E52B" x="4.0" y="-210.26" w="784.75" h="527.54" h-a-x="802" n="dynamicPP" />
  <g c="E52C" x="23.99" y="-197.68" w="897.54" h="515.48" h-a-x="927" n="dynamicMP" />
  <g c="E52D" x="23.99" y="-153.66" w="960.42" h="615.37" h-a-x="995" n="dynamicMF" />
  <g c="E52E" x="-82.0" y="-211.23" w="895.41" h="692.94" h-a-x="748" n="dynamicPF" />
  <g c="E52F" x="-101.67" y="-213.66" w="906.09" h="625.37" h-a-x="882" n="dynamicFF" />
  <g c="E530" x="-101.67" y="-203.66" w="1236.09" h="615.37" h-a-x="1139" n="dynamicFFF" />
  <g c="E531" x="-101.67" y="-213.66" w="1546.09" h="625.37" h-a-x="1444" n="dynamicFFFF" />
  <g c="E532" x="-101.67" y="-213.66" w="1866.09" h="625.37" h-a-x="1700" n="dynamicFFFFF" />
  <g c="E533" x="-101.67" y="-203.66" w="2196.09" h="615.37" h-a-x="2027" n="dynamicFFFFFF" />
  <g c="E534" x="-107.67" y="-211.23" w="851.85" h="692.94" h-a-x="791" n="dynamicFortePiano" />
  <g c="E535" x="-111.67" y="-153.66" w="778.67" h="635.37" h-a-x="686" n="dynamicForzando" />
  <g c="E536" x="1.94" y="-189.66" w="752.47" h="681.79" h-a-x="762" n="dynamicSforzando1" />
  <g c="E537" x="1.94" y="-196.79" w="1007.59" h="688.49" h-a-x="1011" n="dynamicSforzandoPiano" />
  <g c="E538" x="1.95" y="-210.26" w="1386.8" h="701.97" h-a-x="1396" n="dynamicSforzandoPianissimo" />
  <g c="E539" x="-7.0" y="-153.66" w="904.0" h="635.37" h-a-x="911" n="dynamicSforzato" />
  <g c="E53A" x="1.0" y="-220.26" w="1276.71" h="701.97" h-a-x="1278" n="dynamicSforzatoPiano" />
  <g c="E53B" x="-20.0" y="-153.66" w="1211.0" h="635.37" h-a-x="1205" n="dynamicSforzatoFF" />
  <g c="E53C" x="-2.0" y="-153.66" w="727.41" h="635.37" h-a-x="746" n="dynamicRinforzando1" />
  <g c="E53D" x="-2.0" y="-153.66" w="904.0" h="635.37" h-a-x="916" n="dynamicRinforzando2" />
  <g c="E566" x="16.0" y="5.71" w="528.0" h="477.29" h-a-x="554" n="ornamentTrill" />
  <g c="E567" x="-3.53" y="-0.81" w="560.68" h="257.15" h-a-x="558" n="ornamentTurn" />
  <g c="E568" x="0.85" y="-0.81" w="560.68" h="257.15" h-a-x="558" n="ornamentTurnInverted" />
  <g c="E56C" x="-9.0" y="-103.0" w="673.0" h="221.0" h-a-x="579" n="ornamentShortTrill" />
  <g c="E56D" x="-4.0" y="-214.0" w="804.0" h="417.0" h-a-x="801" n="ornamentMordent" />
  <g c="E56E" x="-9.0" y="-103.0" w="956.0" h="221.0" h-a-x="923" n="ornamentTremblement" />
  <g c="E5E5" x="-19.0" y="3.0" w="262.0" h="262.0" h-a-x="232" n="brassMuteClosed" />
  <g c="E5E6" x="3.75" y="0.0" w="333.39" h="338.13" h-a-x="339" n="brassMuteHalfClosed" />
  <g c="E5E7" x="1.0" y="9.0" w="262.0" h="262.0" h-a-x="263" n="brassMuteOpen" />
  <g c="E610" x="3.0" y="1.0" w="361.15" h="332.0" h-a-x="366" n="stringsDownBow" />
  <g c="E611" x="3.0" y="-330.0" w="361.15" h="332.0" h-a-x="366" n="stringsDownBowTurned" />
  <g c="E612" x="17.76" y="-2.0" w="232.24" h="433.0" h-a-x="238" n="stringsUpBow" />
  <g c="E613" x="17.76" y="-432.0" w="232.24" h="433.0" h-a-x="238" n="stringsUpBowTurned" />
  <g c="E614" x="2.82" y="-85.33" w="186.09" h="174.83" h-a-x="189" n="stringsHarmonic" />
  <g c="E650" x="25.0" y="-0.33" w="701.0" h="511.33" h-a-x="788" n="keyboardPedalPed" />
  <g c="E651" x="0.0" y="0.0" w="271.0" h="511.0" h-a-x="271" n="keyboardPedalP" />
  <g c="E655" x="13.0" y="-88.0" w="510.0" h="510.0" h-a-x="526" n="keyboardPedalUp" />
  <g c="E659" x="0.0" y="0.0" w="1140.0" h="539.0" h-a-x="1140" n="keyboardPedalSost" />
  <g c="E65A" x="0.0" y="0.0" w="324.0" h="538.0" h-a-x="324" n="keyboardPedalS" />
  <g c="E880" x="3.53" y="-181.19" w="267.17" h="411.56" h-a-x="284" n="tuplet0" />
  <g c="E881" x="17.7" y="-179.89" w="135.7" h="418.67" h-a-x="179" n="tuplet1" />
  <g c="E882" x="-1.0" y="-179.0" w="221.57" h="409.49" h-a-x="238" n="tuplet2" />
  <g c="E883" x="3.68" y="-177.24" w="252.36" h="407.38" h-a-x="263" n="tuplet3" />
  <g c="E884" x="9.02" y="-185.62" w="291.76" h="419.02" h-a-x="313" n="tuplet4" />
  <g c="E885" x="1.93" y="-183.34" w="252.75" h="414.24" h-a-x="263" n="tuplet5" />
  <g c="E886" x="0.62" y="-178.35" w="235.41" h="409.35" h-a-x="245" n="tuplet6" />
  <g c="E887" x="25.82" y="-178.84" w="262.31" h="408.84" h-a-x="292" n="tuplet7" />
  <g c="E888" x="6.7" y="-179.0" w="272.6" h="409.0" h-a-x="294" n="tuplet8" />
  <g c="E889" x="6.43" y="-179.0" w="234.29" h="409.01" h-a-x="253" n="tuplet9" />
  <g c="E88A" x="44.88" y="-161.12" w="127.12" h="323.12" h-a-x="202" n="tupletColon" />
  <g c="E93C" x="0.0" y="-153.0" w="303.0" h="304.0" h-a-x="303" n="mensuralNoteheadMinimaWhite" />
  <g c="EAA4" x="-56.16" y="-0.15" w="420.93" h="170.72" h-a-x="340" n="wiggleTrill">
    <a n="repeatOffset" x="1.3" y="0.4" />
  </g>
  <g c="EAA9" x="-44.37" y="-0.14" w="375.49" h="176.18" h-a-x="295" n="wiggleArpeggiatoUp">
    <a n="repeatOffset" x="1.12" y="0.4" />
  </g>
  <g c="EAAA" x="-44.37" y="-0.14" w="375.49" h="176.18" h-a-x="295" n="wiggleArpeggiatoDown">
    <a n="repeatOffset" x="1.18" y="0.39" />
  </g>
  <g c="EAAD" x="-22.0" y="-15.17" w="526.0" h="210.17" h-a-x="504" n="wiggleArpeggiatoUpArrow" />
  <g c="EAAE" x="-272.0" y="-69.0" w="273.87" h="210.0" h-a-x="92" n="wiggleArpeggiatoDownArrow" />
  <g c="EAAF" x="-49.0" y="0.0" w="437.0" h="181.0" h-a-x="337" n="wiggleGlissando">
    <a n="repeatOffset" x="1.35" y="0.39" />
  </g>
  <g c="ECA0" x="11.0" y="-144.0" w="498.0" h="265.0" h-a-x="525" n="metNoteDoubleWhole" />
  <g c="ECA1" x="17.0" y="-49.53" w="304.0" h="269.53" h-a-x="326" n="metNoteDoubleWholeSquare" />
  <g c="ECA2" x="4.73" y="11.5" w="301.08" h="177.47" h-a-x="306" n="metNoteWhole" />
  <g c="ECA3" x="6.1" y="1.18" w="237.9" h="658.82" h-a-x="253" n="metNoteHalfUp" />
  <g c="ECA5" x="-4.28" y="2.18" w="242.28" h="658.82" h-a-x="237" n="metNoteQuarterUp" />
  <g c="ECA7" x="6.71" y="0.15" w="413.71" h="709.85" h-a-x="422" n="metNote8thUp" />
  <g c="ECA9" x="11.58" y="-0.13" w="382.94" h="683.13" h-a-x="396" n="metNote16thUp" />
  <g c="ECB7" x="19.1" y="64.08" w="91.55" h="75.87" h-a-x="125" n="metAugmentationDot" />
</bounding-boxes>